fb870b2c-1837-1045-314f-f8df7f05c5e1;eea-data-and-maps-data-european-union-emissions-trading-scheme-17;Tabular;1 to 1;eea_t_eu-emission-trading-scheme_p_2005-2021_v45_r00;;http://www.eea.europa.eu/data-and-maps/data/european-union-emissions-trading-scheme-17/technical-report/technical-document###http://www.eea.europa.eu/data-and-maps/data/european-union-emissions-trading-scheme-17/eu-ets-data-viewer-manual/eu-ets-data-viewer-manual###http://www.eea.europa.eu/data-and-maps/data/european-union-emissions-trading-scheme-17/eu-ets-data-download-latest-version/ETS_Database_v42.zip###http://www.eea.europa.eu/data-and-maps/data/european-union-emissions-trading-scheme-17/eu-ets-background-note/eu-ets-background-note###http://www.eea.europa.eu/data-and-maps/data/european-union-emissions-trading-scheme-17/eu-ets-background-note/data-quality###http://www.eea.europa.eu/data-and-maps/data/european-union-emissions-trading-scheme-17/eu-ets-background-note/translation-of-activity-codes###http://www.eea.europa.eu/data-and-maps/data/european-union-emissions-trading-scheme-17/eu-ets-background-note/preliminary-assessment-of-eu-ets;2005;2021;
de14e4c2-f304-e2cc-25b8-987156f055b4;eea-data-and-maps-data-european-red-list-of-habitats;Tabular;1 to 1;eea_t_european-red-list-habitats_p_2016-2021_v01_r00;;http://www.eea.europa.eu/data-and-maps/data/european-red-list-of-habitats/european-red-list-of-habitats/red-list-of-habitats-enhanced.xlsx###http://www.eea.europa.eu/data-and-maps/data/european-red-list-of-habitats/descriptions-of-habitats/terrestrial-habitat-descriptions.docx###http://www.eea.europa.eu/data-and-maps/data/european-red-list-of-habitats/descriptions-of-habitats/marine-habitat-descriptions.docx;2016;2021;
8209cef5-7400-3b84-c584-3e4a7d15c7b4;eea-data-and-maps-data-co2-emission-hdv;Tabular;1 to 1;eea_t_co2-emission-hdv_p_2019-2020_v01_r00;;http://www.eea.europa.eu/data-and-maps/data/co2-emission-hdv/Flattened%20HDV%202019%20data/hdv-tableviewer;2019;2020;
6f5f078c-529f-58d9-9440-d3dec546b42d;eea-data-and-maps-data-air-quality-health-risk-assessments-nuts3;Tabular;1 to 1;eea_t_aq-health-risk-nuts3_p_2005-2019_v01_r00;;http://www.eea.europa.eu/data-and-maps/data/air-quality-health-risk-assessments-nuts3/air-quality-health-risk-assessments-nuts3/air-quality-health-risk-assessments-nuts3;2005;2019;
8b7067a1-5154-3dcc-5a1e-a4fd1e77d24a;eea-data-and-maps-data-greenhouse-gas-emission-projections-for-8;Tabular;1 to N;eea_t_ghg-emission-projections-2021_p_2021_v01_r00;;http://www.eea.europa.eu/data-and-maps/data/greenhouse-gas-emission-projections-for-8/2021-preliminary-ghg-projections-reported/ghg_projections_2021_preliminary_xlsx-including-pivot-chart###http://www.eea.europa.eu/data-and-maps/data/greenhouse-gas-emission-projections-for-8/2021-preliminary-ghg-projections-reported/ghg_projections_2021_preliminary_csv;2021;;
26396726-3358-ed6c-9132-a43564dc257a;eea-data-and-maps-data-greenhouse-gas-emission-projections-for-8;Tabular;1 to N;eea_t_ghg-emission-projections-2020_p_2020_v01_r00;;http://www.eea.europa.eu/data-and-maps/data/greenhouse-gas-emission-projections-for-8/2020-ghg-projections-reported-and/ghg_projections_2020_csv###http://www.eea.europa.eu/data-and-maps/data/greenhouse-gas-emission-projections-for-8/2020-ghg-projections-reported-and/ghg_projections_2020_xlsx-including-pivot-chart;2020;;
277859c8-a8fb-6373-a51c-af28a39f5e93;eea-data-and-maps-data-greenhouse-gas-emission-projections-for-8;Tabular;1 to N;eea_t_ghg-emission-projections-2019_p_2019_v01_r00;;http://www.eea.europa.eu/data-and-maps/data/greenhouse-gas-emission-projections-for-8/copy_of_greenhouse-gas-emission-projections-in/ghg_projections_v4_xlsx###http://www.eea.europa.eu/data-and-maps/data/greenhouse-gas-emission-projections-for-8/copy_of_greenhouse-gas-emission-projections-in/ghg_projections_v4_csv###http://www.eea.europa.eu/data-and-maps/data/greenhouse-gas-emission-projections-for-8/copy_of_greenhouse-gas-emission-projections-in/ghg_projections_v4_mdb;2019;;
44d092fb-106a-fa12-280c-848506d1a764;eea-data-and-maps-data-greenhouse-gas-emission-projections-for-8;Tabular;1 to N;eea_t_ghg-emission-projections-2018_p_2018_v01_r00;;http://www.eea.europa.eu/data-and-maps/data/greenhouse-gas-emission-projections-for-8/greenhouse-gas-emission-projections-in/ghg_projections_v4_csv###http://www.eea.europa.eu/data-and-maps/data/greenhouse-gas-emission-projections-for-8/greenhouse-gas-emission-projections-in/ghg_projections_v4_mdb###http://www.eea.europa.eu/data-and-maps/data/greenhouse-gas-emission-projections-for-8/greenhouse-gas-emission-projections-in/ghg_projections_v4_xlsx;2018;;
beb1985b-1f5d-d7a8-ef67-68bfcc714935;eea-data-and-maps-data-greenhouse-gas-emission-projections-for-8;Tabular;1 to N;eea_t_ghg-emission-projections-2017_p_2017_v01_r00;;http://www.eea.europa.eu/data-and-maps/data/greenhouse-gas-emission-projections-for-8/greenhouse-gas-emission-projections-for-1/ghg_projections_v3_mdb###http://www.eea.europa.eu/data-and-maps/data/greenhouse-gas-emission-projections-for-8/greenhouse-gas-emission-projections-for-1/ghg_projections_v3_csv;2017;;
d31708b7-289b-384b-2b62-39721d52f0f0;eea-data-and-maps-data-greenhouse-gas-emission-projections-for-8;Tabular;1 to N;eea_t_ghg-emission-projections-2016_p_2016_v01_r00;;http://www.eea.europa.eu/data-and-maps/data/greenhouse-gas-emission-projections-for-8/greenhouse-gas-emission-projections-for/ghg_projections_v2_mdb###http://www.eea.europa.eu/data-and-maps/data/greenhouse-gas-emission-projections-for-8/greenhouse-gas-emission-projections-for/ghg_projections_v2_csv;2016;;
107af5ae-cfec-3d47-a4ad-a24f90683aa2;eea-data-and-maps-data-waterbase-water-quantity-14;Tabular;1 to 1;eea_t_waterbase-water-quantity_p_1961-2020_v15_r00;;http://www.eea.europa.eu/data-and-maps/data/waterbase-water-quantity-13/waterbase-water-quantity-microsoft-access-database-2-tables/waterbase-water-quantity-sqlite-file-1###http://www.eea.europa.eu/data-and-maps/data/waterbase-water-quantity-13/waterbase-water-quantity-microsoft-access-database-2-tables/waterbase-water-quantity-csv-files###http://www.eea.europa.eu/data-and-maps/data/waterbase-water-quantity-13/discodata-user-guide/eea-discodata-wise-soe-basic###http://www.eea.europa.eu/data-and-maps/data/waterbase-water-quantity-13/tables-metadata/tables-metadata-csv-file;1961;2020;
10adfc62-fe25-6e03-eae9-b7b13854cc2c;eea-data-and-maps-data-digital-elevation-model-of-europe;Geospatial;1 to N;eea_r_4326_3_km_elevation-map-europe_p_2004_v01_r00;Elevation map of Europe (3km grid);http://www.eea.europa.eu/data-and-maps/data/digital-elevation-model-of-europe/3-km-x-3-km-zip-compressed-tiff-format-raster-data/3-km-x-3-km-zip-compressed-tiff-format-raster-data###http://www.eea.europa.eu/data-and-maps/data/digital-elevation-model-of-europe/coordinate-reference-system/coordinate-reference-system;2004;;
4215c58e-e268-62d0-9555-393c4751cf51;eea-data-and-maps-data-digital-elevation-model-of-europe;Geospatial;1 to N;eea_r_4326_9_km_elevation-map-europe_p_2004_v01_r00;Elevation map of Europe (9km grid);http://www.eea.europa.eu/data-and-maps/data/digital-elevation-model-of-europe/9-km-x-9-km-zip-compressed-tiff-format-raster-data/9-km-x-9-km-zip-compressed-tiff-format-raster-data###http://www.eea.europa.eu/data-and-maps/data/digital-elevation-model-of-europe/coordinate-reference-system/coordinate-reference-system;2004;;
83eee4cc-163c-7909-ee01-fd87a26c4216;eea-data-and-maps-data-digital-elevation-model-of-europe;Geospatial;1 to N;eea_r_4326_1_km_elevation-map-europe_p_2004_v01_r00;Elevation map of Europe (1km grid);http://www.eea.europa.eu/data-and-maps/data/digital-elevation-model-of-europe/1-km-x-1-km-zip-compressed-tiff-format-raster-data/1-km-x-1-km-zip-compressed-tiff-format-raster-data###http://www.eea.europa.eu/data-and-maps/data/digital-elevation-model-of-europe/coordinate-reference-system/coordinate-reference-system;2004;;
5d9e375b-fd0f-a597-53e6-1ec750c6fc62;eea-data-and-maps-data-digital-elevation-model-of-europe;Geospatial;1 to N;eea_r_4326_1_km_hillshade-elevation-map-europe_p_2004_v01_r00;Elevation map of Europe (1km hillshade);http://www.eea.europa.eu/data-and-maps/data/digital-elevation-model-of-europe/hillshade-1-km-x-1-km-zip-compressed-tiff-format-raster-data/hillshade-1-km-x-1-km-zip-compressed-tiff-format-raster-data###http://www.eea.europa.eu/data-and-maps/data/digital-elevation-model-of-europe/coordinate-reference-system/coordinate-reference-system;2004;;
7ba484ba-0f7e-e11b-4abb-a9259041585b;eea-data-and-maps-data-waterbase-emissions-10;Tabular;1 to 1;eea_t_waterbase-emissions_p_1977-2020_v11_r00;;http://www.eea.europa.eu/data-and-maps/data/waterbase-emissions-10/waterbase-emissions-5-tables/waterbase-emissions-csv-file###http://www.eea.europa.eu/data-and-maps/data/waterbase-emissions-10/waterbase-emissions-5-tables/waterbase-emissions-sqlite-file###http://www.eea.europa.eu/data-and-maps/data/waterbase-emissions-10/tables-metadata/table-definitions-csv;1977;2020;
c117ac39-6ee4-b292-5fd3-54ef4f4f03d6;eea-data-and-maps-data-circular-economy-with-new-emerging;Tabular;1 to 1;eea_t_circular-economy-new-data-streams_p_2012-2020_v01_r00;;http://www.eea.europa.eu/data-and-maps/data/circular-economy-with-new-emerging/documents-about-monitoring-the-circular/further-exploration-of-2018big-data2019###http://www.eea.europa.eu/data-and-maps/data/circular-economy-with-new-emerging/data/monitoring-the-circular-economy-with;2012;2020;
41363efb-2db9-9b39-e2da-9085db119558;eea-data-and-maps-data-waterbase-biology-1;Tabular;1 to 1;eea_t_waterbase-biology_p_1990-2021_v02_r00;;;1990;2021;
6ad64e61-57bf-d68e-4dc6-19bf98a783de;eea-data-and-maps-data-approximated-estimates-for-the-share-4;Tabular;1 to N;eea_t_res-proxies-2019_p_2018_v01_r00;;http://www.eea.europa.eu/data-and-maps/data/approximated-estimates-for-the-share-4/eea-2017-res-share-proxies/2020-res_proxies_eea_csv;2018;;
28f99f84-3b20-79cd-e429-7c286eff5270;eea-data-and-maps-data-approximated-estimates-for-the-share-4;Tabular;1 to N;eea_t_res-proxies-2020_p_2019_v01_r00;;http://www.eea.europa.eu/data-and-maps/data/approximated-estimates-for-the-share-4/eea-2017-res-share-proxies/2016-res_proxies_eea_csv;2019;;
cabbf4e8-8e8c-7f86-6a81-16686825a114;eea-data-and-maps-data-application-of-the-emissions-trading;Tabular;1 to 1;eea_t_application-emissions-trading-directive_p_2013-2014_v01_r00;;http://www.eea.europa.eu/data-and-maps/data/application-of-the-emissions-trading/data-table/eu-ets-article21queries;2013;2014;
65427274-27a0-036d-b0cf-ba368dd5a728;eea-data-and-maps-data-co2-intensity-of-electricity-generation;Tabular;1 to 1;eea_t_co2-intensity-electricity-generation_p_2017_v01_r00;;http://www.eea.europa.eu/data-and-maps/data/co2-intensity-of-electricity-generation/eea-2017-co2-emission-intensity/2017-co2_intensel_eea_csv;2017;;
22531dda-efa5-9a0e-796a-aac93264b7d3;eea-data-and-maps-data-national-emission-ceilings-nec-directive-inventory-18;Tabular;1 to 1;eea_t_nec-directive-inventory_p_1990-2017_v01_r00;;http://www.eea.europa.eu/data-and-maps/data/national-emission-ceilings-nec-directive-inventory-18/national-emission-ceilings-nec-directive/nec_nfr14_csv###http://www.eea.europa.eu/data-and-maps/data/national-emission-ceilings-nec-directive-inventory-18/national-emission-ceilings-nec-directive/microsoft-access-format-zip###http://www.eea.europa.eu/data-and-maps/data/national-emission-ceilings-nec-directive-inventory-18/data-viewer-demo-video/data-viewer-demo-video###http://www.eea.europa.eu/data-and-maps/data/national-emission-ceilings-nec-directive-inventory-18/air-pollutant-emissions-data-viewer-nec-directive-manual/air-pollutant-emissions-data-viewer-nec-directive-manual;1990;2017;
6e95ea15-e5af-b515-126b-1be2974ac82d;eea-data-and-maps-data-national-emissions-reported-to-the-unfccc-and-to-the-eu-greenhouse-gas-monitoring-mechanism-18;Tabular;1 to 1;eea_t_national-emissions-reported_p_2022_v01_r00;;http://www.eea.europa.eu/data-and-maps/data/national-emissions-reported-to-the-unfccc-and-to-the-eu-greenhouse-gas-monitoring-mechanism-17/national-greenhouse-gas-inventories-ipcc-common-reporting-format-sector-classification/microsoft-access-format-zip-2###http://www.eea.europa.eu/data-and-maps/data/national-emissions-reported-to-the-unfccc-and-to-the-eu-greenhouse-gas-monitoring-mechanism-17/national-greenhouse-gas-inventories-ipcc-common-reporting-format-sector-classification/ascii-delimited-zip-2###http://www.eea.europa.eu/data-and-maps/data/national-emissions-reported-to-the-unfccc-and-to-the-eu-greenhouse-gas-monitoring-mechanism-17/eea-greenhouse-gas-data-viewer-manual/eea-greenhouse-gas-data-viewer-manual;2022;;
407b243b-0b72-6490-6ac4-2daae135dcb6;eea-data-and-maps-data-european-pollutant-release-and-transfer-register-e-prtr-regulation-art-8-diffuse-air-data;Geospatial;1 to 1;eea_v_4326_diffuse-air-releases-e-prtr_p_2008_v01_r00;;http://www.eea.europa.eu/data-and-maps/data/european-pollutant-release-and-transfer-register-e-prtr-regulation-art-8-diffuse-air-data/5-km-x-5-km/e-prtr---non.0-raster.zip###http://www.eea.europa.eu/data-and-maps/data/european-pollutant-release-and-transfer-register-e-prtr-regulation-art-8-diffuse-air-data/5-km-x-5-km/e-prtr---domestic-shipping-diffuse-air-maps-v1.0-raster.zip###http://www.eea.europa.eu/data-and-maps/data/european-pollutant-release-and-transfer-register-e-prtr-regulation-art-8-diffuse-air-data/5-km-x-5-km/e-prtr---domestic-aviation-diffuse-air-maps-v1.0-raster.zip###http://www.eea.europa.eu/data-and-maps/data/european-pollutant-release-and-transfer-register-e-prtr-regulation-art-8-diffuse-air-data/5-km-x-5-km/e-prtr---industrial-releases-diffuse-air-maps-v1.0-raster.zip###http://www.eea.europa.eu/data-and-maps/data/european-pollutant-release-and-transfer-register-e-prtr-regulation-art-8-diffuse-air-data/5-km-x-5-km/e-prtr---agricultural-diffuse-air-maps-v1.0-raster.zip###http://www.eea.europa.eu/data-and-maps/data/european-pollutant-release-and-transfer-register-e-prtr-regulation-art-8-diffuse-air-data/5-km-x-5-km/e-prtr---road-transport-diffuse-air-maps-v1.0-raster.zip###http://www.eea.europa.eu/data-and-maps/data/european-pollutant-release-and-transfer-register-e-prtr-regulation-art-8-diffuse-air-data/5-km-x-5-km/e-prtr-.0-raster.zip###http://www.eea.europa.eu/data-and-maps/data/european-pollutant-release-and-transfer-register-e-prtr-regulation-art-8-diffuse-air-data/methodology-report/diffuse_releases_e-prtr_methodology_2011_en.pdf###http://www.eea.europa.eu/data-and-maps/data/european-pollutant-release-and-transfer-register-e-prtr-regulation-art-8-diffuse-air-data/inspire-compliant-metadata-set/a6b507ce9c461201f63c891ec94459b9.xml###http://www.eea.europa.eu/data-and-maps/data/european-pollutant-release-and-transfer-register-e-prtr-regulation-art-8-diffuse-air-data/vector-data-european-pollutant-release/e-prtr_-_international_shipping_diffuse_air_maps_v1.0.zip###http://www.eea.europa.eu/data-and-maps/data/european-pollutant-release-and-transfer-register-e-prtr-regulation-art-8-diffuse-air-data/vector-data-european-pollutant-release/e-prtr_-_domestic_shipping_diffuse_air_maps_v1.0.zip###http://www.eea.europa.eu/data-and-maps/data/european-pollutant-release-and-transfer-register-e-prtr-regulation-art-8-diffuse-air-data/vector-data-european-pollutant-release/e-prtr_-_industrial_releases_diffuse_air_maps_v1.0.zip###http://www.eea.europa.eu/data-and-maps/data/european-pollutant-release-and-transfer-register-e-prtr-regulation-art-8-diffuse-air-data/vector-data-european-pollutant-release/e-prtr_-_agricultural_diffuse_air_maps_v1.0.zip###http://www.eea.europa.eu/data-and-maps/data/european-pollutant-release-and-transfer-register-e-prtr-regulation-art-8-diffuse-air-data/vector-data-european-pollutant-release/e-prtr_-_road_transport_diffuse_air_maps_v1.0.zip###http://www.eea.europa.eu/data-and-maps/data/european-pollutant-release-and-transfer-register-e-prtr-regulation-art-8-diffuse-air-data/vector-data-european-pollutant-release/e-prtr_-_domestic_aviation_diffuse_air_maps_v1.0.zip###http://www.eea.europa.eu/data-and-maps/data/european-pollutant-release-and-transfer-register-e-prtr-regulation-art-8-diffuse-air-data/vector-data-european-pollutant-release/e-prtr_-_non-industrial_combustion_diffuse_air-maps_v1.0.zip###http://www.eea.europa.eu/data-and-maps/data/european-pollutant-release-and-transfer-register-e-prtr-regulation-art-8-diffuse-air-data/esri-compliant-.prj-file-1/esri_3035###http://www.eea.europa.eu/data-and-maps/data/european-pollutant-release-and-transfer-register-e-prtr-regulation-art-8-diffuse-air-data/esri-compliant-.prj-file-1/esri_4326.prj;2008;;
530b144b-1cb5-0fa8-55a9-a1d603512144;eea-data-and-maps-data-marine-litter;Tabular;1 to 1;eea_t_marine-litter-watch_p_2016-ongoing_v01_r00;;http://www.eea.europa.eu/data-and-maps/data/marine-litter/marine-litterwatch-data/marine-litterwatch-download-service;2016;;
68e1a3b0-69d8-6048-9d8d-5a80bc370843;eea-data-and-maps-data-approximated-estimates-for-greenhouse-gas-emissions-3;Tabular;1 to 1;eea_t_ghg-emissions-proxy_p_2020_v04_r00;;http://www.eea.europa.eu/data-and-maps/data/approximated-estimates-for-greenhouse-gas-emissions-3/2017-ghg-proxies/ghg_proxy_2017;2020;;
8922109e-4d6a-0e37-d855-77da83779e18;eea-data-and-maps-data-bathing-water-directive-status-of-bathing-water-13;Tabular;1 to 1;eea_t_bathing-water-status_p_1990-ongoing_v01_r00;;;1990;;
829e7cca-465b-88a8-e687-5366613580b8;eea-data-and-maps-data-co2-cars-emission-20;Tabular;1 to N;eea_t_co2-emissions-cars-prov-2020_p_2020_v01_r00;;http://www.eea.europa.eu/data-and-maps/data/co2-cars-emission-20/co2-emissions-cars-2020-provisional/co2-emission-cars###http://www.eea.europa.eu/data-and-maps/data/co2-cars-emission-20/co2-emissions-cars-2020-provisional/co2-passenger-cars;2020;;-prov
49a7d03c-f0ce-f5dd-f7e3-81aad617a30b;eea-data-and-maps-data-co2-cars-emission-20;Tabular;1 to N;eea_t_co2-emissions-cars-final-2019_p_2019_v01_r00;;http://www.eea.europa.eu/data-and-maps/data/co2-cars-emission-20/co2-emissions-cars-2019-final/co2-passenger-cars###http://www.eea.europa.eu/data-and-maps/data/co2-cars-emission-20/co2-emissions-cars-2019-final/co2-emission-cars;2019;;-final
25fff1a2-dbb6-922d-1e7d-080e00f34213;eea-data-and-maps-data-co2-cars-emission-20;Tabular;1 to N;eea_t_co2-emissions-cars-prov-2019_p_2019_v01_r00;;http://www.eea.europa.eu/data-and-maps/data/co2-cars-emission-20/co2-emissions-cars-2019-provisional/co2-passenger-cars-v18-elastic###http://www.eea.europa.eu/data-and-maps/data/co2-cars-emission-20/co2-emissions-cars-2019-provisional/co2-emission-cars;2019;;-prov
e633181a-7b28-cdd6-2e28-e0b787c9f579;eea-data-and-maps-data-co2-cars-emission-20;Tabular;1 to N;eea_t_co2-emissions-cars-final-2018_p_2018_v01_r00;;http://www.eea.europa.eu/data-and-maps/data/co2-cars-emission-20/co2-emissions-cars-2018-final/co2_passengers_cars_v18_csv.zip###http://www.eea.europa.eu/data-and-maps/data/co2-cars-emission-20/co2-emissions-cars-2018-final/co2-emission-cars###http://www.eea.europa.eu/data-and-maps/data/co2-cars-emission-20/co2-emissions-cars-2018-final/co2-passenger-cars-v18-elastic;2018;;-final
2dd3afc4-9c5a-34eb-6188-c57a3b391ef9;eea-data-and-maps-data-co2-cars-emission-20;Tabular;1 to N;eea_t_co2-emissions-cars-prov-2018_p_2018_v01_r00;;http://www.eea.europa.eu/data-and-maps/data/co2-cars-emission-20/co2-emissions-cars-2018-provisional/co2_passengers_cars_v17_csv.zip###;2018;;-prov
2d5bdf81-4f3b-c082-cc42-f6ba1e33166c;eea-data-and-maps-data-co2-cars-emission-20;Tabular;1 to N;eea_t_co2-emissions-cars-final-2017_p_2017_v01_r00;;http://www.eea.europa.eu/data-and-maps/data/co2-cars-emission-20/co2-emissions-cars-2017-final/co2_passengers_cars_v16_csv.zip;2017;;-final
08c4b8f1-0e6c-9593-51c6-40d641d7d3e1;eea-data-and-maps-data-co2-cars-emission-20;Tabular;1 to N;eea_t_co2-emissions-cars-prov-2017_p_2017_v01_r00;;http://www.eea.europa.eu/data-and-maps/data/co2-cars-emission-20/co2-emissions-cars-2017-provisional/co2_passengers_cars_v15_csv;2017;;-prov
657e5339-40f6-a495-0d39-6b56c2ea3a70;eea-data-and-maps-data-co2-cars-emission-20;Tabular;1 to N;eea_t_co2-emissions-cars-final-2016_p_2016_v01_r00;;http://www.eea.europa.eu/data-and-maps/data/co2-cars-emission-20/co2-emissions-cars-2016-final/co2_passenger_cars_v14_csv.zip###http://www.eea.europa.eu/data-and-maps/data/co2-cars-emission-20/co2-emissions-cars-2016-final/co2_passenger_cars_v14_mdb.zip;2016;;-final
029523c0-7e25-d8da-d6ab-6a82727b23f3;eea-data-and-maps-data-co2-cars-emission-20;Tabular;1 to N;eea_t_co2-emissions-cars-prov-2016_p_2016_v01_r00;;http://www.eea.europa.eu/data-and-maps/data/co2-cars-emission-20/monitoring-of-co2-emissions-from-2016-prov/co2_passenger_cars_v13_mdb.zip###http://www.eea.europa.eu/data-and-maps/data/co2-cars-emission-20/monitoring-of-co2-emissions-from-2016-prov/co2_passenger_cars_v13_csv.zip;2016;;-prov
414af96c-c656-16a3-c957-636de800ad1a;eea-data-and-maps-data-co2-cars-emission-20;Tabular;1 to N;eea_t_co2-emissions-cars-final-2015_p_2015_v01_r00;;http://www.eea.europa.eu/data-and-maps/data/co2-cars-emission-20/monitoring-of-co2-emissions-from-2015-final/co2_passenger_cars_v12_mdb.zip###http://www.eea.europa.eu/data-and-maps/data/co2-cars-emission-20/monitoring-of-co2-emissions-from-2015-final/co2_passenger_cars_v12_csv.zip;2015;;-final
88298bd0-9d7d-64df-c449-c56391bbf665;eea-data-and-maps-data-co2-cars-emission-20;Tabular;1 to N;eea_t_co2-emissions-cars-prov-2015_p_2015_v01_r00;;http://www.eea.europa.eu/data-and-maps/data/co2-cars-emission-20/monitoring-of-co2-emissions-from-2015-prov/co2_passenger_cars_v11_mdb.zip###http://www.eea.europa.eu/data-and-maps/data/co2-cars-emission-20/monitoring-of-co2-emissions-from-2015-prov/co2_passenger_cars_v11_csv.zip;2015;;-prov
328c2a24-5a5e-77b7-460b-7e0421a67314;eea-data-and-maps-data-co2-cars-emission-20;Tabular;1 to N;eea_t_co2-emissions-cars-final-2014_p_2014_v01_r00;;http://www.eea.europa.eu/data-and-maps/data/co2-cars-emission-20/monitoring-of-co2-emissions-from-2014-final/co2_passenger_cars_v10_csv.zip###http://www.eea.europa.eu/data-and-maps/data/co2-cars-emission-20/monitoring-of-co2-emissions-from-2014-final/co2_passenger_cars_v10_mdb.zip;2014;;-final
84e5a1a9-4b7b-9d35-cdf5-187fed3a000f;eea-data-and-maps-data-co2-cars-emission-20;Tabular;1 to N;eea_t_co2-emissions-cars-prov-2014_p_2014_v01_r00;;http://www.eea.europa.eu/data-and-maps/data/co2-cars-emission-20/monitoring-of-co2-emissions-from-2014-prov/co2_passenger_cars_v9_csv.zip###http://www.eea.europa.eu/data-and-maps/data/co2-cars-emission-20/monitoring-of-co2-emissions-from-2014-prov/co2_passenger_cars_v9_mdb.zip;2014;;-prov
dba29abd-60d9-7d3d-8f43-b0b718f52bcb;eea-data-and-maps-data-co2-cars-emission-20;Tabular;1 to N;eea_t_co2-emissions-cars-final-2013_p_2013_v01_r00;;http://www.eea.europa.eu/data-and-maps/data/co2-cars-emission-20/monitoring-of-co2-emissions-from-2013-final/co2_passenger_cars_v8_csv.zip###http://www.eea.europa.eu/data-and-maps/data/co2-cars-emission-20/monitoring-of-co2-emissions-from-2013-final/co2_passenger_cars_v8_mdb.zip;2013;;-final
2ee749a0-75af-708f-980c-aa75168fe0bd;eea-data-and-maps-data-co2-cars-emission-20;Tabular;1 to N;eea_t_co2-emissions-cars-prov-2013_p_2013_v01_r00;;http://www.eea.europa.eu/data-and-maps/data/co2-cars-emission-20/monitoring-of-co2-emissions-from-2013-prov/co2_passenger_cars_v7_csv.zip###http://www.eea.europa.eu/data-and-maps/data/co2-cars-emission-20/monitoring-of-co2-emissions-from-2013-prov/co2_passenger_cars_v7_mdb.zip;2013;;-prov
1cf11da5-c113-c83f-919a-b03451d9b97c;eea-data-and-maps-data-co2-cars-emission-20;Tabular;1 to N;eea_t_co2-emissions-cars-final-2012_p_2012_v01_r00;;http://www.eea.europa.eu/data-and-maps/data/co2-cars-emission-20/monitoring-of-co2-emissions-from-2012-final/CO2-passenger-cars-v6-csv###http://www.eea.europa.eu/data-and-maps/data/co2-cars-emission-20/monitoring-of-co2-emissions-from-2012-final/CO2-passenger-cars-v6-mdb;2012;;-final
33d36a42-ba01-50da-88b5-a670562a7223;eea-data-and-maps-data-co2-cars-emission-20;Tabular;1 to N;eea_t_co2-emissions-cars-prov-2012_p_2012_v01_r00;;http://www.eea.europa.eu/data-and-maps/data/co2-cars-emission-20/monitoring-of-co2-emissions-from-2012-prov/CO2-passenger-cars-v5-csv###http://www.eea.europa.eu/data-and-maps/data/co2-cars-emission-20/monitoring-of-co2-emissions-from-2012-prov/CO2-passenger-cars-v5-mdb;2012;;-prov
1683ec98-8190-3232-2df4-3b8a09ed5205;eea-data-and-maps-data-co2-cars-emission-20;Tabular;1 to N;eea_t_co2-emissions-cars-final-2011_p_2011_v01_r00;;http://www.eea.europa.eu/data-and-maps/data/co2-cars-emission-20/monitoring-of-co2-emissions-from-2011-final/ascii-delimited-zip###http://www.eea.europa.eu/data-and-maps/data/co2-cars-emission-20/monitoring-of-co2-emissions-from-2011-final/microsoft-access-format-zip;2011;;-final
180ad3b9-eb10-901f-077c-7a1b64153305;eea-data-and-maps-data-co2-cars-emission-20;Tabular;1 to N;eea_t_co2-emissions-cars-prov-2011_p_2011_v01_r00;;http://www.eea.europa.eu/data-and-maps/data/co2-cars-emission-20/monitoring-of-co2-emissions-from-2011-prov/CO2_passenger_cars_v3_csv###http://www.eea.europa.eu/data-and-maps/data/co2-cars-emission-20/monitoring-of-co2-emissions-from-2011-prov/CO2_passenger_cars_v3_mdb;2011;;-prov
cd9be1cc-44a9-f949-e72f-0da13a2bae94;eea-data-and-maps-data-co2-cars-emission-20;Tabular;1 to N;eea_t_co2-emissions-cars-final-2010_p_2010_v01_r00;;http://www.eea.europa.eu/data-and-maps/data/co2-cars-emission-20/monitoring-of-co2-emissions-from-2010-final/microsoft-access-format-zip###http://www.eea.europa.eu/data-and-maps/data/co2-cars-emission-20/monitoring-of-co2-emissions-from-2010-final/ascii-delimited-zip;2010;;-final
43b43d84-d9bc-3d13-22cf-444f7ce17d90;eea-data-and-maps-data-co2-cars-emission-20;Tabular;1 to N;eea_t_co2-emissions-cars-prov-2010_p_2010_v01_r00;;http://www.eea.europa.eu/data-and-maps/data/co2-cars-emission-20/monitoring-of-co2-emissions-from-2010-prov/microsoft-access-format-zip###http://www.eea.europa.eu/data-and-maps/data/co2-cars-emission-20/monitoring-of-co2-emissions-from-2010-prov/ascii-delimited-zip;2010;;-prov
4ac0a5e7-1453-4eb8-57b0-8cbc14d189d7;eea-data-and-maps-data-interpolated-air-quality-data-2;Geospatial;1 to N;eea_v_3035_1_km_aq-interpolated-2015_p_2015_v01_r00;;http://www.eea.europa.eu/data-and-maps/data/interpolated-air-quality-data-2/the-zipped-folder-contains-gis-shape-files-with-interpolated-air-quality-data/2015-spatialite-rasterlite###http://www.eea.europa.eu/data-and-maps/data/interpolated-air-quality-data-2/the-zipped-folder-contains-gis-shape-files-with-interpolated-air-quality-data/2015-shapefile###http://www.eea.europa.eu/data-and-maps/data/interpolated-air-quality-data-2/class-breaks/encoding-cpg-utf-8###http://www.eea.europa.eu/data-and-maps/data/interpolated-air-quality-data-2/class-breaks/esri-compliant-prj-file###http://www.eea.europa.eu/data-and-maps/data/interpolated-air-quality-data-2/class-breaks/class-breaks;2015;;
7fc54c52-5c6c-2425-64fc-59a8ffa7cc99;eea-data-and-maps-data-interpolated-air-quality-data-2;Geospatial;1 to N;eea_v_3035_1_km_aq-interpolated-2014_p_2014_v01_r00;;http://www.eea.europa.eu/data-and-maps/data/interpolated-air-quality-data-2/the-zipped-folder-contains-gis-shape-files-with-interpolated-air-quality-data/2014-spatialite-rasterlite###http://www.eea.europa.eu/data-and-maps/data/interpolated-air-quality-data-2/the-zipped-folder-contains-gis-shape-files-with-interpolated-air-quality-data/2014-shapefile###http://www.eea.europa.eu/data-and-maps/data/interpolated-air-quality-data-2/class-breaks/encoding-cpg-utf-8###http://www.eea.europa.eu/data-and-maps/data/interpolated-air-quality-data-2/class-breaks/esri-compliant-prj-file###http://www.eea.europa.eu/data-and-maps/data/interpolated-air-quality-data-2/class-breaks/class-breaks;2014;;
13402916-f452-fb4a-e794-403951757117;eea-data-and-maps-data-interpolated-air-quality-data-2;Geospatial;1 to N;eea_v_3035_1_km_aq-interpolated-2013_p_2013_v01_r00;;http://www.eea.europa.eu/data-and-maps/data/interpolated-air-quality-data-2/the-zipped-folder-contains-gis-shape-files-with-interpolated-air-quality-data/2013-spatialite-rasterlite###http://www.eea.europa.eu/data-and-maps/data/interpolated-air-quality-data-2/the-zipped-folder-contains-gis-shape-files-with-interpolated-air-quality-data/2013-shapefile###http://www.eea.europa.eu/data-and-maps/data/interpolated-air-quality-data-2/class-breaks/encoding-cpg-utf-8###http://www.eea.europa.eu/data-and-maps/data/interpolated-air-quality-data-2/class-breaks/esri-compliant-prj-file###http://www.eea.europa.eu/data-and-maps/data/interpolated-air-quality-data-2/class-breaks/class-breaks;2013;;
4b98aae3-9b81-5c4c-f9f2-2bcba14f5d7f;eea-data-and-maps-data-interpolated-air-quality-data-2;Geospatial;1 to N;eea_v_3035_1_km_aq-interpolated-2012_p_2012_v01_r00;;http://www.eea.europa.eu/data-and-maps/data/interpolated-air-quality-data-2/the-zipped-folder-contains-gis-shape-files-with-interpolated-air-quality-data/2012-spatialite-rasterlite###http://www.eea.europa.eu/data-and-maps/data/interpolated-air-quality-data-2/the-zipped-folder-contains-gis-shape-files-with-interpolated-air-quality-data/2012-shapefile###http://www.eea.europa.eu/data-and-maps/data/interpolated-air-quality-data-2/class-breaks/encoding-cpg-utf-8###http://www.eea.europa.eu/data-and-maps/data/interpolated-air-quality-data-2/class-breaks/esri-compliant-prj-file###http://www.eea.europa.eu/data-and-maps/data/interpolated-air-quality-data-2/class-breaks/class-breaks;2012;;
86082fe9-ae29-775a-08b1-100b4763b208;eea-data-and-maps-data-interpolated-air-quality-data-2;Geospatial;1 to N;eea_v_3035_1_km_aq-interpolated-2011_p_2011_v01_r00;;http://www.eea.europa.eu/data-and-maps/data/interpolated-air-quality-data-2/the-zipped-folder-contains-gis-shape-files-with-interpolated-air-quality-data/2011-spatialite-rasterlite###http://www.eea.europa.eu/data-and-maps/data/interpolated-air-quality-data-2/the-zipped-folder-contains-gis-shape-files-with-interpolated-air-quality-data/2011-shapefile###http://www.eea.europa.eu/data-and-maps/data/interpolated-air-quality-data-2/class-breaks/encoding-cpg-utf-8###http://www.eea.europa.eu/data-and-maps/data/interpolated-air-quality-data-2/class-breaks/esri-compliant-prj-file###http://www.eea.europa.eu/data-and-maps/data/interpolated-air-quality-data-2/class-breaks/class-breaks;2011;;
c7a9b32d-ab6b-40f4-9611-26b21179c677;eea-data-and-maps-data-interpolated-air-quality-data-2;Geospatial;1 to N;eea_v_3035_1_km_aq-interpolated-2010_p_2010_v01_r00;;http://www.eea.europa.eu/data-and-maps/data/interpolated-air-quality-data-2/the-zipped-folder-contains-gis-shape-files-with-interpolated-air-quality-data/2010-spatialite-rasterlite###http://www.eea.europa.eu/data-and-maps/data/interpolated-air-quality-data-2/the-zipped-folder-contains-gis-shape-files-with-interpolated-air-quality-data/2010-shapefile###http://www.eea.europa.eu/data-and-maps/data/interpolated-air-quality-data-2/class-breaks/encoding-cpg-utf-8###http://www.eea.europa.eu/data-and-maps/data/interpolated-air-quality-data-2/class-breaks/esri-compliant-prj-file###http://www.eea.europa.eu/data-and-maps/data/interpolated-air-quality-data-2/class-breaks/class-breaks;2010;;
da513b6a-65ba-3b16-ae34-e07ebae6ea00;eea-data-and-maps-data-interpolated-air-quality-data-2;Geospatial;1 to N;eea_v_3035_1_km_aq-interpolated-2009_p_2009_v01_r00;;http://www.eea.europa.eu/data-and-maps/data/interpolated-air-quality-data-2/the-zipped-folder-contains-gis-shape-files-with-interpolated-air-quality-data/2009-spatialite-rasterlite###http://www.eea.europa.eu/data-and-maps/data/interpolated-air-quality-data-2/the-zipped-folder-contains-gis-shape-files-with-interpolated-air-quality-data/2009-shapefile###http://www.eea.europa.eu/data-and-maps/data/interpolated-air-quality-data-2/class-breaks/encoding-cpg-utf-8###http://www.eea.europa.eu/data-and-maps/data/interpolated-air-quality-data-2/class-breaks/esri-compliant-prj-file###http://www.eea.europa.eu/data-and-maps/data/interpolated-air-quality-data-2/class-breaks/class-breaks;2009;;
ada741b2-0f39-9424-14c5-67f4e983fd0b;eea-data-and-maps-data-interpolated-air-quality-data-2;Geospatial;1 to N;eea_v_3035_1_km_aq-interpolated-2008_p_2008_v01_r00;;http://www.eea.europa.eu/data-and-maps/data/interpolated-air-quality-data-2/the-zipped-folder-contains-gis-shape-files-with-interpolated-air-quality-data/2008-spatialite-rasterlite###http://www.eea.europa.eu/data-and-maps/data/interpolated-air-quality-data-2/the-zipped-folder-contains-gis-shape-files-with-interpolated-air-quality-data/2008-shapefile###http://www.eea.europa.eu/data-and-maps/data/interpolated-air-quality-data-2/class-breaks/encoding-cpg-utf-8###http://www.eea.europa.eu/data-and-maps/data/interpolated-air-quality-data-2/class-breaks/esri-compliant-prj-file###http://www.eea.europa.eu/data-and-maps/data/interpolated-air-quality-data-2/class-breaks/class-breaks;2008;;
1f57ec98-a89e-c1b8-2768-216cba00b5b2;eea-data-and-maps-data-interpolated-air-quality-data-2;Geospatial;1 to N;eea_v_3035_1_km_aq-interpolated-2007_p_2007_v01_r00;;http://www.eea.europa.eu/data-and-maps/data/interpolated-air-quality-data-2/the-zipped-folder-contains-gis-shape-files-with-interpolated-air-quality-data/2007-spatialite-rasterlite###http://www.eea.europa.eu/data-and-maps/data/interpolated-air-quality-data-2/the-zipped-folder-contains-gis-shape-files-with-interpolated-air-quality-data/2007-shapefile###http://www.eea.europa.eu/data-and-maps/data/interpolated-air-quality-data-2/class-breaks/encoding-cpg-utf-8###http://www.eea.europa.eu/data-and-maps/data/interpolated-air-quality-data-2/class-breaks/esri-compliant-prj-file###http://www.eea.europa.eu/data-and-maps/data/interpolated-air-quality-data-2/class-breaks/class-breaks;2007;;
487572e1-a35e-1f07-0c2c-9f1679944a96;eea-data-and-maps-data-interpolated-air-quality-data-2;Geospatial;1 to N;eea_v_3035_1_km_aq-interpolated-2006_p_2006_v01_r00;;http://www.eea.europa.eu/data-and-maps/data/interpolated-air-quality-data-2/the-zipped-folder-contains-gis-shape-files-with-interpolated-air-quality-data/2006-spatialite-rasterlite###http://www.eea.europa.eu/data-and-maps/data/interpolated-air-quality-data-2/the-zipped-folder-contains-gis-shape-files-with-interpolated-air-quality-data/2006-shapefile###http://www.eea.europa.eu/data-and-maps/data/interpolated-air-quality-data-2/class-breaks/encoding-cpg-utf-8###http://www.eea.europa.eu/data-and-maps/data/interpolated-air-quality-data-2/class-breaks/esri-compliant-prj-file###http://www.eea.europa.eu/data-and-maps/data/interpolated-air-quality-data-2/class-breaks/class-breaks;2006;;
7f50661e-f0e2-8873-6ffc-3e6c25ee142a;eea-data-and-maps-data-wise-wfd-4;Tabular;1 to 1;eea_t_wise-wfd_p_2000-ongoing_v01_r00;;http://www.eea.europa.eu/data-and-maps/data/wise-wfd-4/wise-wfd-database-1/wise-wfd-database###https://cmshare.eea.europa.eu/s/jjGHWZJB2gzf5Lg/download;2000;;
e263a171-44ae-50cd-ec0e-27d67721d6f2;eea-data-and-maps-data-ozone-depleting-substances;Tabular;1 to 1;eea_t_ozone-depleting-substances_p_2006-2020_v01_r00;;http://www.eea.europa.eu/data-and-maps/data/ozone-depleting-substances/consumption-of-ozone-depleting-substances-ods/ods_2020-data-files;2006;2020;
3bd8be5d-b3e4-cd86-f18d-2e284b628c3d;eea-data-and-maps-data-corine-biotopes;Geospatial;1 to 1;eea_t_corine-biotopes_p_2003_v01_r00;;http://www.eea.europa.eu/data-and-maps/data/corine-biotopes/compressed-file-containing-the-species-coded-and-text-tables-in-ms-access-format/compressed-file-containing-the-species-coded-and-text-tables-in-ms-access-format###http://www.eea.europa.eu/data-and-maps/data/corine-biotopes/compressed-file-containing-the-look-up-tables-in-ms-access-format/compressed-file-containing-the-look-up-tables-in-ms-access-format;2003;;
572bd00f-0cda-24cb-a73f-89d965f08b95;eea-data-and-maps-data-esd-3;Tabular;1 to N;eea_t_esd-2021_p_2005-2020_v01_r00;;http://www.eea.europa.eu/data-and-maps/data/esd-3/esd-dataset-2021-for-the/ghd_esd_2021;2005;2020;
72574661-11cb-88c5-6fb6-1561057b0594;eea-data-and-maps-data-esd-3;Tabular;1 to N;eea_t_esd-2020_p_2005-2019_v01_r00;;http://www.eea.europa.eu/data-and-maps/data/esd-3/esd-dataset-2020-for-the/ghg_esd.xlsx###http://www.eea.europa.eu/data-and-maps/data/esd-3/esd-dataset-2020-for-the/ghg_esd.csv;2005;2019;
6aa0bfcb-7e8f-fc6a-2df2-3d26425125b4;eea-data-and-maps-data-esd-3;Tabular;1 to N;eea_t_esd-2019_p_2005-2018_v01_r00;;http://www.eea.europa.eu/data-and-maps/data/esd-3/esd-dataset-2019-for-the/ghg_esd.xlsx###http://www.eea.europa.eu/data-and-maps/data/esd-3/esd-dataset-2019-for-the/ghg_esd.csv;2005;2018;
e9d0834a-84c7-fa82-2d21-70c7b5f91d85;eea-data-and-maps-data-esd-3;Tabular;1 to N;eea_t_esd-2018_p_2005-2017_v01_r00;;http://www.eea.europa.eu/data-and-maps/data/esd-3/esd-dataset-2018-for-the/ghg_esd.xlsx###http://www.eea.europa.eu/data-and-maps/data/esd-3/esd-dataset-2018-for-the/ghg_esd.csv;2005;2017;
6584fcb3-e50e-7f28-242d-f85bd9c8535b;eea-data-and-maps-data-esd-3;Tabular;1 to N;eea_t_esd-2017_p_2005-2016_v01_r00;;http://www.eea.europa.eu/data-and-maps/data/esd-3/esd.xlsx/ghg_esd.csv###http://www.eea.europa.eu/data-and-maps/data/esd-3/esd.xlsx/ghg_exd.xlsx;2005;2016;
6fcc6b0b-14eb-9d6d-d68a-4406e1f72a86;eea-data-and-maps-data-carbon-storage-in-global-terrestrial;Tabular;1 to 1;eea_t_carbon-storage-ecosystems_p_1982-2020_v01_r00;;http://www.eea.europa.eu/data-and-maps/data/carbon-storage-in-global-terrestrial/report-on-carbon-stocks-and-sequstration/final-report-on-carbon-stocks###http://www.eea.europa.eu/data-and-maps/data/carbon-storage-in-global-terrestrial/basic-data/final-basic-data-terrestrial-carbon###http://www.eea.europa.eu/data-and-maps/data/carbon-storage-in-global-terrestrial/basic-data/final-carbon-classification-list-eunis-terrestrial###http://www.eea.europa.eu/data-and-maps/data/carbon-storage-in-global-terrestrial/basic-data/basic-data-terrestrial-and-marine###http://www.eea.europa.eu/data-and-maps/data/carbon-storage-in-global-terrestrial/basic-data-1/summary-of-detailed-data;1982;2020;
61aead3f-4ca3-f292-341e-91b4298d8368;eea-data-and-maps-data-wise-water-accounts-database;Tabular;1 to 1;eea_t_wise-water-accounts_p_1990-2015_v01_r03;;http://www.eea.europa.eu/data-and-maps/data/wise-water-accounts-database/data-download/wise-water-accounts-spreadsheet-version###http://www.eea.europa.eu/data-and-maps/data/wise-water-accounts-database/data-download/wise-water-accounts-database-version;1990;2015;
599c6f3f-23c3-56c8-5e66-ca6e2341b722;eea-data-and-maps-data-waterbase-water-quality-icm-2;Tabular;1 to 1;eea_t_waterbase-water-quality-icm_p_1900-2021_v01_r03;;http://www.eea.europa.eu/data-and-maps/data/waterbase-water-quality-icm-2/waterbase-water-quality-icm-4-tables/waterbase-water-quality-icm-part-1###http://www.eea.europa.eu/data-and-maps/data/waterbase-water-quality-icm-2/waterbase-water-quality-icm-4-tables/waterbase-water-quality-icm-sqlite-file###http://www.eea.europa.eu/data-and-maps/data/waterbase-water-quality-icm-2/waterbase-water-quality-icm-4-tables/waterbase-water-quality-icm-part-2###http://www.eea.europa.eu/data-and-maps/data/waterbase-water-quality-icm-2/waterbase-water-quality-icm-4-tables/waterbase-water-quality-icm-csv-files###http://www.eea.europa.eu/data-and-maps/data/waterbase-water-quality-icm-2/dataset-definition/dataset-definition-csv-file;1900;2021;
1fb71f3d-254a-4cf1-6c9a-c7c34f454104;eea-data-and-maps-data-vans-16;Tabular;1 to N;eea_t_co2-emissions-vans-prov-2020_p_2020_v01_r00;;http://www.eea.europa.eu/data-and-maps/data/vans-16/monitoring-of-co2-emissions-vans-2020-preliminary/co2_vans_v17_csv.zip###http://www.eea.europa.eu/data-and-maps/data/vans-16/monitoring-of-co2-emissions-vans-2020-preliminary/co2_vans_v17_mdb.zip;2020;;-prov
c6999147-7972-4c8d-7a80-88408c0eb6a9;eea-data-and-maps-data-vans-16;Tabular;1 to N;eea_t_co2-emissions-vans-final-2019_p_2019_v01_r00;;http://www.eea.europa.eu/data-and-maps/data/vans-16/monitoring-of-co2-emissions-vans-2019-final/co2_vans_v16_mdb.zip###http://www.eea.europa.eu/data-and-maps/data/vans-16/monitoring-of-co2-emissions-vans-2019-final/co2_vans_v16_csv.zip;2019;;-final
4c80c7fc-c444-902a-3fac-cdcec6ea9565;eea-data-and-maps-data-vans-16;Tabular;1 to N;eea_t_co2-emissions-vans-prov-2019_p_2019_v01_r00;;http://www.eea.europa.eu/data-and-maps/data/vans-16/monitoring-of-co2-emissions-vans-2019-provisional/co2_vans_v15_mdb.zip###http://www.eea.europa.eu/data-and-maps/data/vans-16/monitoring-of-co2-emissions-vans-2019-provisional/co2_vans_v15_csv.zip;2019;;-prov
169a1317-811f-a61f-8580-e939a2659ddd;eea-data-and-maps-data-vans-16;Tabular;1 to N;eea_t_co2-emissions-vans-final-2018_p_2018_v01_r00;;http://www.eea.europa.eu/data-and-maps/data/vans-16/monitoring-of-co2-emissions-vans-2018-final/co2_vans_v14_mdb.zip###http://www.eea.europa.eu/data-and-maps/data/vans-16/monitoring-of-co2-emissions-vans-2018-final/co2_vans_v14_csv.zip;2018;;-final
619be821-675d-2e8c-6af0-d268572c3d05;eea-data-and-maps-data-vans-16;Tabular;1 to N;eea_t_co2-emissions-vans-prov-2018_p_2018_v01_r00;;http://www.eea.europa.eu/data-and-maps/data/vans-16/monitoring-of-co2-emissions-vans-2018-provisional/co2_vans_v13_mdb.zip###http://www.eea.europa.eu/data-and-maps/data/vans-16/monitoring-of-co2-emissions-vans-2018-provisional/co2_vans_v13_csv.zip;2018;;-prov
c2a71562-639f-0721-46fa-d787df8ff191;eea-data-and-maps-data-vans-16;Tabular;1 to N;eea_t_co2-emissions-vans-final-2017_p_2017_v01_r00;;http://www.eea.europa.eu/data-and-maps/data/vans-16/monitoring-of-co2-emissions-vans-2017-final/co2_vans_v12_csv.zip-1###http://www.eea.europa.eu/data-and-maps/data/vans-16/monitoring-of-co2-emissions-vans-2017-final/co2_vans_v12_mdb.zip;2017;;-final
b1d9e621-c271-d4f8-f04f-5cd6cad903c0;eea-data-and-maps-data-vans-16;Tabular;1 to N;eea_t_co2-emissions-vans-prov-2017_p_2017_v01_r00;;http://www.eea.europa.eu/data-and-maps/data/vans-16/monitoring-of-co2-emissions-vans-2017-provisional/co2_vans_v11_mdb.zip###http://www.eea.europa.eu/data-and-maps/data/vans-16/monitoring-of-co2-emissions-vans-2017-provisional/co2_vans_v11_csv.zip;2017;;-prov
3b1a5a07-6dfc-f79e-e46a-9f8beb93420f;eea-data-and-maps-data-vans-16;Tabular;1 to N;eea_t_co2-emissions-vans-final-2016_p_2016_v01_r00;;http://www.eea.europa.eu/data-and-maps/data/vans-16/monitoring-of-co2-emissions-vans-2016-final/co2_vans_v10_csv.zip###http://www.eea.europa.eu/data-and-maps/data/vans-16/monitoring-of-co2-emissions-vans-2016-final/co2_vans_v10_mdb.zip;2016;;-final
9cb604de-8562-5979-d014-ea3f51def5e3;eea-data-and-maps-data-vans-16;Tabular;1 to N;eea_t_co2-emissions-vans-prov-2016_p_2016_v01_r00;;http://www.eea.europa.eu/data-and-maps/data/vans-16/monitoring-of-co2-emissions-vans-2016-provisional/co2_vans_v9_mdb.zip###http://www.eea.europa.eu/data-and-maps/data/vans-16/monitoring-of-co2-emissions-vans-2016-provisional/co2_vans_v9_csv.zip;2016;;-prov
eaec0d6c-8105-ae09-a03d-fe0971122fcd;eea-data-and-maps-data-vans-16;Tabular;1 to N;eea_t_co2-emissions-vans-final-2015_p_2015_v01_r00;;http://www.eea.europa.eu/data-and-maps/data/vans-16/monitoring-of-co2-emissions-vans-2015-final/co2_vans_v8_mdb.zip###http://www.eea.europa.eu/data-and-maps/data/vans-16/monitoring-of-co2-emissions-vans-2015-final/co2_vans_v8_csv.zip;2015;;-final
38197183-b90e-c0a0-7c74-5930d9f11c40;eea-data-and-maps-data-vans-16;Tabular;1 to N;eea_t_co2-emissions-vans-prov-2015_p_2015_v01_r00;;http://www.eea.europa.eu/data-and-maps/data/vans-16/monitoring-of-co2-emissions-from-2/co2_vans_v7_csv.zip###http://www.eea.europa.eu/data-and-maps/data/vans-16/monitoring-of-co2-emissions-from-2/co2_vans_v7_mdb.zip;2015;;-prov
37740459-db8e-d20a-ade4-2ef276737916;eea-data-and-maps-data-vans-16;Tabular;1 to N;eea_t_co2-emissions-vans-final-2014_p_2014_v01_r00;;http://www.eea.europa.eu/data-and-maps/data/vans-16/monitoring-of-co2-emissions-from-1/co2_vans_v6_csv.zip###http://www.eea.europa.eu/data-and-maps/data/vans-16/monitoring-of-co2-emissions-from-1/co2_vans_v6_mdb.zip;2014;;-final
04eed367-555d-7639-4ab0-62517a67be6f;eea-data-and-maps-data-vans-16;Tabular;1 to N;eea_t_co2-emissions-vans-prov-2014_p_2014_v01_r00;;http://www.eea.europa.eu/data-and-maps/data/vans-16/monitoring-of-co2-emissions-from/co2_vans_v5_csv.zip###http://www.eea.europa.eu/data-and-maps/data/vans-16/monitoring-of-co2-emissions-from/co2_vans_v5_mdb.zip;2014;;-prov
a6da8e0c-4c1e-6028-4cf5-a0dc87e676c3;eea-data-and-maps-data-vans-16;Tabular;1 to N;eea_t_co2-emissions-vans-final-2013_p_2013_v01_r00;;http://www.eea.europa.eu/data-and-maps/data/vans-16/monitoring-vans-co2-emissions_2013f/co2_vans_v4_csv.zip###http://www.eea.europa.eu/data-and-maps/data/vans-16/monitoring-vans-co2-emissions_2013f/co2_vans_v4_mdb.zip;2013;;-final
e7247bb7-9432-ef6b-c414-e925064bdd54;eea-data-and-maps-data-vans-16;Tabular;1 to N;eea_t_co2-emissions-vans-prov-2013_p_2013_v01_r00;;http://www.eea.europa.eu/data-and-maps/data/vans-16/monitoring-vans-co2-emissions_2013p/co2_vans_v3_mdb###http://www.eea.europa.eu/data-and-maps/data/vans-16/monitoring-vans-co2-emissions_2013p/co2_vans_v3_csv;2013;;-prov
b2b9b1fc-f27c-37a5-1c81-c7d538b0e418;eea-data-and-maps-data-vans-16;Tabular;1 to N;eea_t_co2-emissions-vans-final-2012_p_2012_v01_r00;;http://www.eea.europa.eu/data-and-maps/data/vans-16/monitoring-vans-co2-emissions_2012f/co2_vans_v2_mdb###http://www.eea.europa.eu/data-and-maps/data/vans-16/monitoring-vans-co2-emissions_2012f/co2_vans_v2_csv;2012;;-final
7f99e591-ed83-e614-ded6-65a58190cd24;eea-data-and-maps-data-vans-16;Tabular;1 to N;eea_t_co2-emissions-vans-prov-2012_p_2012_v01_r00;;http://www.eea.europa.eu/data-and-maps/data/vans-16/monitoring-vans-co2-emissions_2012p/co2_vans_v1_mdb.zip###http://www.eea.europa.eu/data-and-maps/data/vans-16/monitoring-vans-co2-emissions_2012p/co2_vans_v1_csv.zip;2012;;-prov
0b6f000c-1d97-8720-a720-82a18c360eff;eea-data-and-maps-data-necd-policies-and-measures-database;Tabular;1 to 1;eea_t_necd-pams-database_p_2019_v01_r00;;http://www.eea.europa.eu/data-and-maps/data/necd-policies-and-measures-database/necd-policies-and-measures-database/necd_pams_database_27062019;2019;;
503776f7-19b4-28b2-940b-6938e04d0cf7;eea-data-and-maps-data-fluorinated-greenhouse-gases-aggregated-data-2;Tabular;1 to 1;eea_t_fluorinated-ghg_p_2007-2019_v03_r00;;http://www.eea.europa.eu/data-and-maps/data/fluorinated-greenhouse-gases-aggregated-data-2/fluorinated-greenhouse-gases-2020/figures.zip;2007;2019;
0b82251a-6420-002b-33be-af9efb707d35;eea-data-and-maps-data-data-on-noise-exposure-8;Tabular;1 to N;eea_t_noise-exposure-2007_p_2006_v01_r00;;http://www.eea.europa.eu/data-and-maps/data/data-on-noise-exposure-8/noise-exposure-information-under-the/end_df4_results_2007_210101###https://cmshare.eea.europa.eu/s/wjSxkbkNnswJiSf/download;2006;;
c41de893-5c63-a337-8ce0-0c5274580bd6;eea-data-and-maps-data-data-on-noise-exposure-8;Tabular;1 to N;eea_t_noise-exposure-2012_p_2011_v01_r00;;http://www.eea.europa.eu/data-and-maps/data/data-on-noise-exposure-8/noise-exposure-information-under-the/end_df4_df8_results_2012_210101###https://cmshare.eea.europa.eu/s/BmbWKraCGKyENFe/download;2011;;
dbf40b93-ba98-e5c0-46f5-14d1f30c0a01;eea-data-and-maps-data-data-on-noise-exposure-8;Tabular;1 to N;eea_t_noise-exposure-2017_p_2016_v01_r00;;http://www.eea.europa.eu/data-and-maps/data/data-on-noise-exposure-8/noise-exposure-information-under-the/end_df4_df8_results_2017_210101###https://cmshare.eea.europa.eu/s/wjSxkbkNnswJiSf/download;2016;;
1116414e-1d5b-e8e9-4848-da1845752e95;eea-data-and-maps-data-fuel-quality-directive-2;Tabular;1 to 1;eea_t_fuel-quality-directive_p_2020_v01_r00;;http://www.eea.europa.eu/data-and-maps/data/fuel-quality-directive-2/fuel_quality_directive_data_v1/fuel_quality_directive_v1_mdb###http://www.eea.europa.eu/data-and-maps/data/fuel-quality-directive-2/fuel_quality_directive_data_v1/fuel_quality_directive_v1_csv###http://www.eea.europa.eu/data-and-maps/data/fuel-quality-directive-2/fuel_quality_directive_data_v1/fuel_quality_directive_v1_xlsx;2020;;
b0c8a2bc-34b3-6eea-a19e-5ead6d134624;eea-data-and-maps-data-approximated-estimates-for-the-primary-4;Tabular;1 to N;eea_t_proxies-primary-consumption-2020_p_2020_v01_r00;;http://www.eea.europa.eu/data-and-maps/data/approximated-estimates-for-the-primary-4/eea-2020-proxies-on-primary/2020-proxies-pec2020-2030-fec2020;2020;;
8279dcef-cb4f-325e-a135-4a8306d26772;eea-data-and-maps-data-approximated-estimates-for-the-primary-4;Tabular;1 to N;eea_t_proxies-primary-consumption-2019_p_2019_v01_r00;;http://www.eea.europa.eu/data-and-maps/data/approximated-estimates-for-the-primary-4/eea-proxies-on-final-1/proxies_fec_eea_csv;2019;;
33546a9f-8970-1841-ea36-bba6eb66b6e6;eea-data-and-maps-data-approximated-estimates-for-the-primary-4;Tabular;1 to N;eea_t_proxies-primary-consumption-2018_p_2018_v01_r00;;http://www.eea.europa.eu/data-and-maps/data/approximated-estimates-for-the-primary-4/eea-2018-proxies-on-primary/2018-proxies-pec2020-2030-fec2020;2018;;
f04073ab-3b24-f862-c233-87980e909772;eea-data-and-maps-data-approximated-estimates-for-the-primary-4;Tabular;1 to N;eea_t_proxies-primary-consumption-2017_p_2017_v01_r00;;http://www.eea.europa.eu/data-and-maps/data/approximated-estimates-for-the-primary-4/eea-proxies-on-primary/proxies_pec_eea_csv;2017;;
52521f83-17b2-8d79-4340-2262cfb50542;eea-data-and-maps-data-linkages-of-species-and-habitat;Tabular;1 to 1;eea_t_species-habitat-maes_p_2014_v01_r00;;http://www.eea.europa.eu/data-and-maps/data/linkages-of-species-and-habitat/linkages-of-species-and-habitat/linkages-of-species-and-habitat###http://www.eea.europa.eu/data-and-maps/data/linkages-of-species-and-habitat/linkages-of-species-and-habitat/linkages-of-species-and-habitat-1###http://www.eea.europa.eu/data-and-maps/data/linkages-of-species-and-habitat/further-documentation/final-database-on-links-between###http://www.eea.europa.eu/data-and-maps/data/linkages-of-species-and-habitat/dataset-definitions/dataset-definitions-csv-files###http://www.eea.europa.eu/data-and-maps/data/linkages-of-species-and-habitat/dataset-definitions/dataset-definitions-xls-file###http://www.eea.europa.eu/data-and-maps/data/linkages-of-species-and-habitat/code-lists/code-lists-csv-files;2014;;
49fb0805-1efa-c9b9-66be-1118ffcd5b05;eea-data-and-maps-data-estimated-effects-of-increased-res-2;Tabular;1 to 1;eea_t_res-impacts_p_2005-2017_v01_r00;;http://www.eea.europa.eu/data-and-maps/data/estimated-effects-of-increased-res-2/eea-estimated-effects-of-res/2016-res_impacts_fossil_fuels_eea_csv;2005;2017;
3666a411-21dc-1f17-108b-6c345dd242d9;eea-data-and-maps-data-reported-information-on-large-combustion-1;Tabular;1 to 1;eea_t_lcp-energy-community_p_2018-2020_v01_r00;;http://www.eea.europa.eu/data-and-maps/data/reported-information-on-large-combustion-1/large-combustion-plants-under-the-2/lcp-energy-community-access-database###http://www.eea.europa.eu/data-and-maps/data/reported-information-on-large-combustion-1/large-combustion-plants-under-the-2/lcp-energy-community-metadata###http://www.eea.europa.eu/data-and-maps/data/reported-information-on-large-combustion-1/large-combustion-plants-under-the-2/lcp-energy-community-excel-database;2018;2020;
98463c6a-c59e-9929-c853-9fff9ba8155f;eea-data-and-maps-data-european-past-floods;Tabular;1 to 1;eea_t_european-past-floods_p_1980-2015_v01_r00;;http://www.eea.europa.eu/data-and-maps/data/european-past-floods/flood-phenomena/flood-phenomena-csv-files###http://www.eea.europa.eu/data-and-maps/data/european-past-floods/flood-phenomena/flood-phenomena-microsoft-access-database-file###http://www.eea.europa.eu/data-and-maps/data/european-past-floods/dataset-table-definitions/table-definitions-csv-files###http://www.eea.europa.eu/data-and-maps/data/european-past-floods/dataset-table-definitions/tables-definitions-xls-file;1980;2015;
bf050d89-6e7d-7414-0dd6-c8fee3ade8f4;eea-data-and-maps-data-climate-change-mitigation-policies-and-measures-1;Tabular;1 to N;eea_t_climate-change-mitigation-pam_p_2021_v06_r00;;http://www.eea.europa.eu/data-and-maps/data/climate-change-mitigation-policies-and-measures-1/pam-table/climate-change-mitigation-policies-and-5###https://www.eea.europa.eu/data-and-maps/pam;;;
fa868337-dac4-dcd5-36b4-c6f43c9765d5;eea-data-and-maps-data-climate-change-mitigation-policies-and-measures-1;Tabular;1 to N;eea_t_climate-change-mitigation-pam_p_2020_v05_r00;;http://www.eea.europa.eu/data-and-maps/data/climate-change-mitigation-policies-and-measures-1/pam-table/climate-change-mitigation-policies-and-4###https://www.eea.europa.eu/data-and-maps/pam;;;
c3db8ca3-81da-87f3-6357-b62d00e16e41;eea-data-and-maps-data-climate-change-mitigation-policies-and-measures-1;Tabular;1 to N;eea_t_climate-change-mitigation-pam_p_2019_v04_r00;;http://www.eea.europa.eu/data-and-maps/data/climate-change-mitigation-policies-and-measures-1/pam-table/pam-data-2019###https://www.eea.europa.eu/data-and-maps/pam;;;
c3d0ff27-fb89-b0dd-288b-3f4a30f192be;eea-data-and-maps-data-climate-change-mitigation-policies-and-measures-1;Tabular;1 to N;eea_t_climate-change-mitigation-pam_p_2018_v03_r00;;https://www.eea.europa.eu/data-and-maps/data/climate-change-mitigation-policies-and-measures-1/pam-table/climate-change-mitigation-policies-and-3###https://www.eea.europa.eu/data-and-maps/pam;;;
ea58b819-b349-8c55-d72f-1b99578f9584;eea-data-and-maps-data-climate-change-mitigation-policies-and-measures-1;Tabular;1 to N;eea_t_climate-change-mitigation-pam_p_2107_v02_r00;;http://www.eea.europa.eu/data-and-maps/data/climate-change-mitigation-policies-and-measures-1/pam-table/climate-change-mitigation-policies-and-2###https://www.eea.europa.eu/data-and-maps/pam;;;
c15e8921-0ee5-2f83-f0f5-36bb049737f4;eea-data-and-maps-data-climate-change-mitigation-policies-and-measures-1;Tabular;1 to N;eea_t_climate-change-mitigation-pam_p_2016_v01_r00;;http://www.eea.europa.eu/data-and-maps/data/climate-change-mitigation-policies-and-measures-1/pam-table/climate-change-mitigation-policies-and-1###https://www.eea.europa.eu/data-and-maps/pam;;;
e4429315-3a6c-7450-5325-1f87c731b127;eea-data-and-maps-data-emep-grids-reprojected-by-eea;Geospatial;1 to N;eea_v_3035_50_km_emep-grids-reprojected_p_1999_v01_r00;EMEP grids reprojected by EEA (50km);http://www.eea.europa.eu/data-and-maps/data/emep-grids-reprojected-by-eea/reprojected-emep_grid_50-zipped-shape-files-vector-data-polygon/reprojected-emep_grid_50-zipped-shape-files-vector-data-polygon;1999;
3290d621-35b1-7c10-16c2-436135caa697;eea-data-and-maps-data-emep-grids-reprojected-by-eea;Geospatial;1 to N;eea_v_3035_150_km_emep-grids-reprojected_p_1999_v01_r00;EMEP grids reprojected by EEA (150km);http://www.eea.europa.eu/data-and-maps/data/emep-grids-reprojected-by-eea/reprojected-emep_grid_150-zipped-shape-files-vector-data-polygon/reprojected-emep_grid_150-zipped-shape-files-vector-data-polygon;1999;
fd5f72b3-4b15-e5de-7a59-6eb9f20f3db0;eea-data-and-maps-data-european-red-lists-7;Tabular;1 to 1;eea_t_european-red-list-species_p_2006-2017_v01_r00;;http://www.eea.europa.eu/data-and-maps/data/european-red-lists-7/tables-metadata/tables-metadata-xls-file###http://www.eea.europa.eu/data-and-maps/data/european-red-lists-7/tables-metadata/tables-metadata-csv-files###http://www.eea.europa.eu/data-and-maps/data/european-red-lists-7/european-red-list/european-red-list-csv-files###http://www.eea.europa.eu/data-and-maps/data/european-red-lists-7/european-red-list/european-red-list-mdb;2006;2017;
c83ac4d4-3dec-813f-fb78-093360ba3273;eea-data-and-maps-data-national-emissions-reported-to-the-convention-on-long-range-transboundary-air-pollution-lrtap-convention-15;Tabular;1 to 1;eea_t_lrtap-convention_p_1990-2018_v01_r00;;http://www.eea.europa.eu/data-and-maps/data/national-emissions-reported-to-the-convention-on-long-range-transboundary-air-pollution-lrtap-convention-15/consolidated-table-for-all-countries-in-the-nfr14-format/clrtap_nfr14_v16_gf_csv.zip###http://www.eea.europa.eu/data-and-maps/data/national-emissions-reported-to-the-convention-on-long-range-transboundary-air-pollution-lrtap-convention-15/consolidated-table-for-all-countries-in-the-nfr14-format/clrtap_nfr14_v16_gf_mdb.zip###http://www.eea.europa.eu/data-and-maps/data/national-emissions-reported-to-the-convention-on-long-range-transboundary-air-pollution-lrtap-convention-15/air-pollutant-emissions-data-viewer-lrtap-convention-video/air-pollutant-emissions-data-viewer-lrtap-convention-video###http://www.eea.europa.eu/data-and-maps/data/national-emissions-reported-to-the-convention-on-long-range-transboundary-air-pollution-lrtap-convention-15/air-pollutant-emissions-data-viewer-lrtap-convention-manual/air-pollutant-emissions-data-viewer-lrtap-convention-manual;1990;2018;
e9ef099d-5194-4f1e-a2ad-33ca52fda650;eea-data-and-maps-data-aqereporting-9;Tabular;1 to N;eea_t_aq-assessment-methods_p_2013-now_v01_r00;Air Quality e-Reporting: Assessment methods meta-data reported by countries (data flow D);https://discomap.eea.europa.eu/App/AirQualityMeasurements/index.html###https://discomap.eea.europa.eu/App/AirQualityModels/index.html;2013;;
fe6c3603-9974-45ae-a760-dcc70c1f8193;eea-data-and-maps-data-aqereporting-9;Tabular;1 to N;eea_t_aq-annual-statistics_p_2013-now_v01_r00;Air Quality e-Reporting: Air quality annual statistics calculated by the EEA;https://discomap.eea.europa.eu/App/AirQualityStatistics/index.html;2013;;
344e8605-6ad8-491a-81f8-80308196dc63;eea-data-and-maps-data-aqereporting-9;Geospatial;1 to N;eea_r_xxxxx_aq-modelling-results_p_2013-now_v01_r00;Air Quality e-Reporting: Air quality modelling results processed by the EEA (data flow E1b);https://maps.eea.europa.eu/AirQualityModellingViewer/;2013;;
175471cb-6364-4598-b2ab-da01f77e681a;eea-data-and-maps-data-aqereporting-9;Tabular;1 to N;eea_t_aq-time-series_p_2013-now_v01_r00;Air Quality e-Reporting: Air quality time series (E1a & E2a data sets);http://discomap.eea.europa.eu/map/fme/AirQualityExport.htm;2013;;
a79fb394-3bf1-42ea-a852-e0f5d4e88211;eea-data-and-maps-data-aqereporting-9;Geospatial;1 to N;eea_v_3857_x_x_aq-zones-agglomerations_p_2013-now_v01_r00;Air Quality e-Reporting: Air quality zones information reported by countries (data flow B and B preliminary);https://discomap.eea.europa.eu/App/AirQualityZones/index.html;2013;;
f62edf23-476c-4b80-aba6-c4aef39e49f8;eea-data-and-maps-data-aqereporting-9;Geospatial;1 to N;eea_v_3857_x_x_aq-zones-geometries_p_2013-now_v01_r00;Air Quality e-Reporting: Air quality zone geometries reported by countries (data flow B);https://discomap.eea.europa.eu/map/FME/AQZones/;2013;;
90663812-d231-47e3-973e-a26d9d3491a3;eea-data-and-maps-data-aqereporting-9;Tabular;1 to N;eea_t_aq-assessment-regimes_p_2013-now_v01_r00;Air Quality e-Reporting: Air quality assessment regimes reported by countries (data flow C and C preliminary);https://discomap.eea.europa.eu/App/AirQualityAssessmentRegimes/index.html###https://discomap.eea.europa.eu/App/AirQualityAssessmentRegimesMethods/index.html;2013;;
8b3207f2-6cc5-4305-89c8-1f5d519c68ad;eea-data-and-maps-data-aqereporting-9;Tabular;1 to N;eea_t_aq-attainments-objectives_p_2013-now_v01_r00;Air Quality e-Reporting: Attainments of (air quality) environmental objectives reported by countries (data flow G);https://discomap.eea.europa.eu/App/AirQualityAttainments/index.html###https://discomap.eea.europa.eu/App/AirQualityAttainmentsMethods/index.html;2013;;
1da10ef2-4f78-421e-9124-e84fe441ad35;eea-data-and-maps-data-aqereporting-9;Tabular;1 to N;eea_t_aq-plans_p_2013-now_v01_r00;Air Quality e-Reporting: Air quality plans reported by countries (data flow H);https://discomap.eea.europa.eu/App/AirQualityPlans/index.html;2013;;
17ba9e5d-0f82-4a51-aa4e-4a2f2d988ef5;eea-data-and-maps-data-aqereporting-9;Tabular;1 to N;eea_t_aq-source-apportionments_p_2013-now_v01_r00;Air Quality e-Reporting: Source apportionments reported by countries (data flow I);https://discomap.eea.europa.eu/App/AirQualitySourceApportionment/index.html;2013;;
0f81b1e1-5474-41b5-9784-baba5eed81a6;eea-data-and-maps-data-aqereporting-9;Tabular;1 to N;eea_t_aq-scenarios_p_2013-now_v01_r00;Air Quality e-Reporting: Air quality scenarios reported by countries (data flow J);https://discomap.eea.europa.eu/App/AirQualityScenarios/index.html;2013;;
7882dbd1-ac3c-4f04-9987-812dc8f748d8;eea-data-and-maps-data-aqereporting-9;Tabular;1 to N;eea_t_aq-measures_p_2013-now_v01_r00;Air Quality e-Reporting: Air quality measures reported by countries (data flow K);https://discomap.eea.europa.eu/App/AirQualityMeasures/index.html;2013;;
